latitude,longitude,elevation,utc_offset_seconds,timezone,timezone_abbreviation
51.5,10.5,309.0,7200,Europe/Berlin,CEST

time,temperature_2m_max (°C),temperature_2m_min (°C),temperature_2m_mean (°C),precipitation_sum (mm)
2020-10-07,12.2,9.3,10.4,6.60
2020-10-08,13.5,7.7,10.5,5.20
2020-10-09,13.2,9.5,11.2,4.10
2020-10-10,11.2,6.7,9.2,0.50
2020-10-11,11.0,5.5,7.7,1.10
2020-10-12,10.9,5.4,7.8,0.40
2020-10-13,10.9,3.7,7.2,1.10
2020-10-14,7.1,6.5,6.8,12.10
2020-10-15,8.6,6.7,7.4,1.00
2020-10-16,9.1,7.0,7.9,0.70
2020-10-17,8.6,5.4,6.9,0.50
2020-10-18,9.6,4.3,6.8,0.50
2020-10-19,11.0,4.4,8.2,0.40
2020-10-20,13.8,3.3,8.0,2.00
2020-10-21,16.9,9.7,12.9,1.40
2020-10-22,17.5,12.1,15.0,0.00
2020-10-23,14.2,11.0,13.0,4.90
2020-10-24,14.1,9.8,12.0,0.10
2020-10-25,15.0,9.8,12.3,0.50
2020-10-26,11.3,7.7,9.4,8.40
2020-10-27,10.2,6.1,8.0,0.10
2020-10-28,12.1,7.9,9.6,1.00
2020-10-29,10.2,7.5,8.8,4.70
2020-10-30,11.9,7.9,10.8,13.00
2020-10-31,14.1,9.5,11.7,0.20
2020-11-01,14.0,9.5,12.0,1.00
2020-11-02,17.8,13.9,15.9,5.90
2020-11-03,14.6,7.9,10.0,1.60
2020-11-04,9.3,3.6,6.5,0.00
2020-11-05,8.1,0.4,4.3,0.00
2020-11-06,8.6,2.7,5.6,0.00
2020-11-07,10.9,0.0,4.8,0.00
2020-11-08,11.8,2.8,6.6,0.00
2020-11-09,10.6,1.7,5.5,0.00
2020-11-10,6.5,0.7,3.1,0.00
2020-11-11,8.4,3.7,6.4,0.00
2020-11-12,9.5,4.7,6.9,0.00
2020-11-13,9.7,2.6,6.6,0.20
2020-11-14,12.9,8.1,9.9,0.30
2020-11-15,13.2,7.5,9.8,0.10
2020-11-16,10.3,7.7,9.1,1.90
2020-11-17,9.1,7.6,8.4,0.80
2020-11-18,10.6,7.5,8.6,0.00
2020-11-19,9.5,3.7,7.7,1.70
2020-11-20,4.5,0.1,2.4,1.10
2020-11-21,3.7,-2.8,1.1,0.00
2020-11-22,6.7,3.4,5.1,0.40
2020-11-23,6.9,0.5,4.9,0.20
2020-11-24,6.0,-1.4,2.5,0.00
2020-11-25,6.5,0.2,2.7,0.00
2020-11-26,5.6,-1.0,2.5,0.00
2020-11-27,6.1,-0.0,2.8,0.00
2020-11-28,2.8,-2.2,0.3,0.00
2020-11-29,1.9,-0.8,0.1,0.00
2020-11-30,0.5,-3.0,-1.0,0.30
2020-12-01,1.0,-1.0,0.2,3.10
2020-12-02,0.4,-2.0,-0.8,0.00
2020-12-03,0.8,-1.3,-0.6,0.00
2020-12-04,3.4,-1.3,0.6,0.00
2020-12-05,2.9,-1.6,0.2,1.00
2020-12-06,3.9,0.1,2.1,1.80
2020-12-07,3.7,1.3,2.8,0.60
2020-12-08,4.5,-1.3,1.3,0.00
2020-12-09,1.6,-1.7,0.2,0.50
2020-12-10,2.4,0.4,1.3,1.40
2020-12-11,2.1,-0.4,0.8,0.00
2020-12-12,3.0,0.2,1.6,1.90
2020-12-13,5.4,1.8,3.8,0.70
2020-12-14,6.3,1.7,3.8,0.00
2020-12-15,7.2,1.8,4.6,2.50
2020-12-16,8.7,5.1,6.8,0.00
2020-12-17,7.4,3.1,4.9,0.10
2020-12-18,7.3,1.8,4.1,0.00
2020-12-19,6.7,-0.2,2.5,0.00
2020-12-20,5.5,1.5,3.2,2.30
2020-12-21,6.6,3.4,4.9,2.90
2020-12-22,11.3,5.7,9.2,13.50
2020-12-23,9.9,6.7,8.7,11.60
2020-12-24,9.7,2.4,5.0,2.20
2020-12-25,2.6,-3.3,0.4,0.00
2020-12-26,1.5,-4.2,-0.6,0.00
2020-12-27,1.5,-0.4,0.4,0.50
2020-12-28,3.5,-0.0,1.5,3.30
2020-12-29,2.3,-2.2,0.4,0.80
2020-12-30,3.0,0.2,1.3,0.30
2020-12-31,1.6,-0.6,0.6,0.20
2021-01-01,1.6,-0.6,0.2,1.60
2021-01-02,1.5,-4.2,-1.0,0.00
2021-01-03,-0.0,-4.2,-1.0,4.20
2021-01-04,-0.2,-1.3,-0.9,0.30
2021-01-05,0.4,-1.5,-0.6,1.20
2021-01-06,0.4,-1.6,-0.2,0.20
2021-01-07,0.6,-1.5,-0.8,0.10
2021-01-08,0.8,-1.9,-0.5,0.80
2021-01-09,0.1,-1.8,-0.9,0.00
2021-01-10,-0.1,-3.9,-1.6,0.00
2021-01-11,-0.5,-4.1,-1.8,0.00
2021-01-12,2.1,-0.9,0.6,9.50
2021-01-13,1.1,-1.9,-0.3,6.50
2021-01-14,0.3,-5.1,-2.0,0.10
2021-01-15,-1.3,-6.6,-3.5,0.00
2021-01-16,-3.2,-8.1,-5.6,0.00
2021-01-17,-2.6,-8.8,-5.7,0.00
2021-01-18,1.7,-3.6,0.3,3.80
2021-01-19,4.3,0.7,1.9,8.70
2021-01-20,5.5,0.9,3.1,0.00
2021-01-21,7.5,3.8,5.7,1.70
2021-01-22,7.4,-1.2,4.2,3.20
2021-01-23,3.6,-2.1,0.2,1.00
2021-01-24,0.6,-2.4,-0.8,3.20
2021-01-25,1.0,-4.7,-1.3,0.00
2021-01-26,0.9,-5.7,-1.8,3.80
2021-01-27,0.3,-3.1,-1.1,2.00
2021-01-28,1.9,-0.3,1.0,8.60
2021-01-29,4.6,-0.9,1.0,14.00
2021-01-30,4.1,-4.1,-0.9,2.70
2021-01-31,-1.7,-10.2,-5.9,0.00
2021-02-01,1.3,-7.0,-2.0,0.60
2021-02-02,5.4,0.3,2.1,5.50
2021-02-03,8.4,5.1,6.6,8.10
2021-02-04,6.5,2.7,5.1,3.70
2021-02-05,3.7,-0.2,1.6,4.70
2021-02-06,1.8,-3.3,-0.9,4.50
2021-02-07,-3.5,-8.9,-7.0,17.20
2021-02-08,-9.1,-11.8,-10.6,14.80
2021-02-09,-10.3,-14.8,-12.5,1.00
2021-02-10,-6.4,-19.8,-13.3,0.00
2021-02-11,-5.2,-12.7,-8.3,0.00
2021-02-12,-5.8,-17.2,-11.5,0.00
2021-02-13,-7.4,-19.1,-13.8,0.00
2021-02-14,-5.6,-19.1,-12.2,0.00
2021-02-15,0.4,-11.0,-5.9,5.60
2021-02-16,3.8,0.7,2.0,0.50
2021-02-17,5.3,0.6,3.7,1.10
2021-02-18,6.3,-1.9,2.2,0.10
2021-02-19,7.4,0.7,4.0,1.50
2021-02-20,12.1,-0.5,4.9,0.00
2021-02-21,14.0,0.5,6.4,0.00
2021-02-22,13.1,-0.7,6.5,0.00
2021-02-23,15.3,0.9,7.6,0.00
2021-02-24,15.9,3.5,9.0,0.00
2021-02-25,16.0,3.2,8.9,0.00
2021-02-26,7.3,3.5,5.5,3.60
2021-02-27,4.8,1.3,3.1,0.00
2021-02-28,7.5,0.1,3.3,0.00
2021-03-01,7.8,0.3,2.8,0.00
2021-03-02,12.5,-1.4,4.2,0.00
2021-03-03,13.7,0.6,6.6,0.00
2021-03-04,6.8,1.0,4.0,4.30
2021-03-05,3.8,-1.6,1.2,1.20
2021-03-06,3.4,-4.2,-0.2,0.00
2021-03-07,3.4,-3.3,-0.0,0.00
2021-03-08,4.5,-1.5,1.4,0.20
2021-03-09,2.6,-2.2,0.3,4.30
2021-03-10,6.3,0.3,2.9,0.10
2021-03-11,10.2,3.2,5.9,7.40
2021-03-12,7.9,2.7,5.0,6.60
2021-03-13,7.0,3.3,4.5,8.80
2021-03-14,6.5,1.9,3.6,1.60
2021-03-15,5.7,0.7,2.7,5.20
2021-03-16,5.5,-0.3,2.4,0.50
2021-03-17,4.7,-1.8,0.9,0.20
2021-03-18,5.2,-1.6,1.6,0.40
2021-03-19,4.3,-3.5,0.0,1.30
2021-03-20,2.2,-5.3,-1.1,0.00
2021-03-21,5.4,0.9,2.9,1.60
2021-03-22,6.0,0.4,2.9,0.00
2021-03-23,6.8,2.1,4.0,0.00
2021-03-24,11.6,-0.7,5.2,0.00
2021-03-25,13.5,2.3,7.7,0.20
2021-03-26,13.0,4.0,8.1,0.20
2021-03-27,7.4,2.0,5.4,6.40
2021-03-28,11.1,-0.4,5.6,0.20
2021-03-29,16.6,5.9,10.8,0.00
2021-03-30,18.6,4.6,11.9,0.00
2021-03-31,20.5,6.3,13.5,0.00
2021-04-01,17.1,6.4,11.9,0.00
2021-04-02,9.1,3.6,5.7,0.00
2021-04-03,8.5,2.0,5.0,0.00
2021-04-04,5.3,0.1,3.0,0.00
2021-04-05,4.3,-1.6,1.9,4.40
2021-04-06,3.2,-2.1,-0.1,2.70
2021-04-07,4.7,-2.2,0.5,3.20
2021-04-08,5.4,-1.3,1.6,1.00
2021-04-09,10.6,-1.0,5.0,0.00
2021-04-10,8.1,3.4,6.0,11.40
2021-04-11,13.2,1.6,7.2,5.70
2021-04-12,6.3,0.5,2.8,1.90
2021-04-13,7.4,-2.9,2.2,0.60
2021-04-14,6.4,-2.5,2.0,2.50
2021-04-15,5.5,-2.9,1.9,1.00
2021-04-16,9.0,0.7,4.4,0.00
2021-04-17,8.2,-1.9,3.9,1.00
2021-04-18,11.0,1.1,6.4,2.80
2021-04-19,11.1,4.6,7.9,0.30
2021-04-20,14.9,3.8,9.4,0.20
2021-04-21,14.4,2.9,8.9,0.00
2021-04-22,8.5,0.9,4.8,0.00
2021-04-23,9.4,1.6,5.1,0.00
2021-04-24,10.2,-1.2,4.9,0.00
2021-04-25,9.0,-0.8,4.2,0.00
2021-04-26,8.8,-0.9,4.1,0.00
2021-04-27,10.8,-1.7,5.3,0.00
2021-04-28,15.4,1.5,9.2,0.00
2021-04-29,14.6,6.1,9.9,9.10
2021-04-30,10.1,5.2,7.4,1.50
2021-05-01,12.4,4.3,8.5,0.90
2021-05-02,9.5,4.6,7.0,1.50
2021-05-03,11.3,1.4,6.6,0.10
2021-05-04,11.7,6.3,8.6,1.90
2021-05-05,9.0,4.2,6.2,4.00
2021-05-06,9.6,1.3,5.5,3.70
2021-05-07,8.1,3.3,5.6,5.00
2021-05-08,13.0,0.0,7.6,0.20
2021-05-09,23.4,6.3,15.6,0.00
2021-05-10,22.1,11.4,17.4,1.40
2021-05-11,17.6,11.8,14.3,11.50
2021-05-12,12.5,9.9,11.4,10.40
2021-05-13,14.1,7.0,10.8,0.30
2021-05-14,13.9,7.9,10.8,0.30
2021-05-15,13.9,5.0,9.9,1.90
2021-05-16,14.0,7.8,10.7,2.40
2021-05-17,14.5,7.2,10.6,6.20
2021-05-18,13.1,7.9,9.9,5.40
2021-05-19,13.4,5.6,10.1,4.70
2021-05-20,14.4,6.9,10.6,0.80
2021-05-21,15.2,9.9,12.4,0.30
2021-05-22,13.3,8.2,10.5,6.10
2021-05-23,13.7,6.9,9.7,2.80
2021-05-24,18.2,5.0,12.4,0.00
2021-05-25,11.3,7.7,9.7,6.70
2021-05-26,13.5,7.4,9.7,3.90
2021-05-27,12.2,7.4,9.4,8.40
2021-05-28,14.8,7.9,11.0,1.10
2021-05-29,13.4,4.8,9.7,0.00
2021-05-30,16.4,4.0,11.4,0.00
2021-05-31,18.0,7.5,13.5,0.00
2021-06-01,20.9,8.7,15.2,0.00
2021-06-02,22.3,11.6,17.2,0.00
2021-06-03,24.2,11.7,18.8,0.00
2021-06-04,22.6,14.6,19.0,6.70
2021-06-05,22.0,15.1,18.0,8.00
2021-06-06,17.4,14.2,15.7,2.10
2021-06-07,20.8,13.5,16.4,0.00
2021-06-08,21.7,10.5,16.6,3.10
2021-06-09,22.0,12.1,17.4,13.60
2021-06-10,22.5,12.2,18.2,3.70
2021-06-11,23.3,14.9,19.6,0.00
2021-06-12,19.6,13.9,17.0,0.30
2021-06-13,16.9,9.8,13.4,0.00
2021-06-14,22.5,9.6,16.9,0.00
2021-06-15,22.3,12.6,18.3,0.00
2021-06-16,25.0,12.0,19.4,0.00
2021-06-17,29.2,16.4,23.4,0.00
2021-06-18,30.3,16.6,24.4,0.00
2021-06-19,28.2,18.8,24.4,0.00
2021-06-20,25.7,21.3,23.4,0.20
2021-06-21,23.8,15.9,20.2,19.50
2021-06-22,19.7,12.8,15.6,0.40
2021-06-23,19.3,12.0,16.1,0.80
2021-06-24,18.1,14.8,16.4,2.30
2021-06-25,19.2,14.3,16.3,1.90
2021-06-26,22.7,13.5,18.5,0.00
2021-06-27,23.8,12.8,19.1,0.00
2021-06-28,26.4,15.9,21.6,0.90
2021-06-29,22.6,17.1,19.6,11.30
2021-06-30,19.7,15.1,16.8,3.10
2021-07-01,15.1,12.2,13.3,5.20
2021-07-02,16.8,12.2,14.1,0.70
2021-07-03,21.8,11.6,17.0,0.00
2021-07-04,23.3,13.1,18.8,1.40
2021-07-05,18.8,14.6,16.9,9.30
2021-07-06,22.3,15.2,18.5,4.70
2021-07-07,21.4,14.4,17.8,0.10
2021-07-08,21.0,13.7,17.4,4.20
2021-07-09,15.7,14.0,15.0,24.30
2021-07-10,21.4,11.4,17.1,0.90
2021-07-11,21.5,14.3,18.0,3.00
2021-07-12,23.2,15.0,19.0,1.80
2021-07-13,24.7,14.8,19.9,6.20
2021-07-14,20.0,15.1,17.5,8.50
2021-07-15,21.9,13.2,17.9,1.30
2021-07-16,21.6,14.5,18.1,0.10
2021-07-17,23.8,16.2,19.7,0.10
2021-07-18,23.6,12.4,18.5,0.00
2021-07-19,19.0,13.7,16.6,0.00
2021-07-20,17.3,14.0,15.6,0.00
2021-07-21,20.0,12.8,16.7,0.60
2021-07-22,21.1,14.7,18.2,0.00
2021-07-23,22.6,13.2,18.2,0.10
2021-07-24,26.4,12.9,20.1,0.20
2021-07-25,24.1,15.9,20.3,3.10
2021-07-26,24.6,15.2,20.6,1.70
2021-07-27,23.2,14.9,19.2,0.30
2021-07-28,20.8,15.5,18.2,2.90
2021-07-29,19.6,14.7,17.2,0.20
2021-07-30,23.6,11.0,17.8,0.00
2021-07-31,19.9,14.7,17.3,0.00
2021-08-01,19.2,11.3,15.5,2.50
2021-08-02,18.3,12.6,14.9,0.50
2021-08-03,18.7,12.2,15.2,1.60
2021-08-04,20.3,11.5,16.1,0.10
2021-08-05,19.8,12.2,16.1,10.10
2021-08-06,19.2,12.5,15.9,4.20
2021-08-07,21.2,12.8,17.0,0.90
2021-08-08,19.3,14.1,16.1,1.40
2021-08-09,20.3,11.3,15.9,0.00
2021-08-10,21.3,11.0,16.2,4.60
2021-08-11,20.8,12.1,16.9,0.70
2021-08-12,24.8,12.4,19.2,0.00
2021-08-13,26.0,17.6,21.6,0.00
2021-08-14,24.8,13.5,19.4,0.00
2021-08-15,24.6,13.4,19.1,0.00
2021-08-16,18.6,10.7,15.7,3.60
2021-08-17,15.6,9.9,12.6,1.60
2021-08-18,18.7,11.5,14.9,1.70
2021-08-19,19.3,14.2,16.5,1.10
2021-08-20,19.9,14.9,16.9,0.30
2021-08-21,22.7,13.8,18.2,0.00
2021-08-22,22.1,15.0,17.5,7.10
2021-08-23,19.8,14.3,16.2,4.80
2021-08-24,18.2,9.2,14.0,0.00
2021-08-25,19.6,9.2,14.8,0.30
2021-08-26,17.4,11.1,14.2,8.20
2021-08-27,15.6,10.2,12.1,6.30
2021-08-28,16.1,9.2,12.7,5.10
2021-08-29,14.1,12.5,13.2,11.50
2021-08-30,17.1,13.5,14.5,4.80
2021-08-31,19.1,12.8,15.4,0.80
2021-09-01,18.6,11.7,15.0,0.00
2021-09-02,20.1,12.4,15.9,0.10
2021-09-03,22.0,11.2,16.0,0.00
2021-09-04,19.4,9.0,14.0,0.00
2021-09-05,20.0,7.1,13.6,0.00
2021-09-06,22.1,9.7,15.5,0.10
2021-09-07,21.3,12.1,16.6,0.20
2021-09-08,22.8,10.4,16.8,0.00
2021-09-09,24.7,11.4,18.3,0.10
2021-09-10,23.3,14.6,18.7,2.30
2021-09-11,21.1,14.1,17.4,5.80
2021-09-12,19.5,14.1,16.5,0.20
2021-09-13,18.5,10.7,14.5,0.00
2021-09-14,23.1,10.5,16.4,0.30
2021-09-15,19.2,15.3,17.2,13.10
2021-09-16,16.6,12.6,15.0,0.00
2021-09-17,16.7,11.2,13.8,0.40
2021-09-18,16.2,9.0,12.7,0.30
2021-09-19,13.3,10.1,11.7,0.00
2021-09-20,13.2,8.9,10.9,0.00
2021-09-21,14.4,7.7,11.3,0.00
2021-09-22,16.4,9.9,12.8,0.00
2021-09-23,19.1,7.4,13.1,0.10
2021-09-24,17.4,12.4,14.9,0.10
2021-09-25,19.3,11.7,14.9,0.00
2021-09-26,22.2,10.5,15.9,12.20
2021-09-27,19.7,14.2,16.8,6.40
2021-09-28,16.0,10.4,13.5,2.00
2021-09-29,15.9,8.0,11.1,2.10
2021-09-30,12.9,7.0,9.6,0.20
2021-10-01,16.3,6.9,11.0,0.00
2021-10-02,17.2,8.7,12.9,0.10
2021-10-03,19.8,15.5,17.3,0.60
2021-10-04,15.0,9.4,12.1,3.30
2021-10-05,12.4,8.7,10.3,11.90
2021-10-06,13.3,8.0,10.8,1.00
2021-10-07,14.6,5.8,9.8,0.00
2021-10-08,13.9,5.6,9.7,0.00
2021-10-09,12.2,3.3,7.4,0.00
2021-10-10,12.2,0.8,6.3,0.00
2021-10-11,11.8,2.6,7.3,0.50
2021-10-12,9.5,5.0,7.4,7.40
2021-10-13,9.5,3.5,6.4,0.80
2021-10-14,10.3,7.3,9.0,2.20
2021-10-15,10.5,6.0,9.1,2.00
2021-10-16,9.9,4.8,7.1,0.00
2021-10-17,10.9,2.9,7.1,0.00
2021-10-18,12.2,3.3,8.2,0.00
2021-10-19,12.8,5.6,9.6,0.80
2021-10-20,15.5,10.5,12.9,2.40
2021-10-21,14.6,5.5,10.5,10.80
2021-10-22,8.9,4.6,6.3,3.90
2021-10-23,9.3,3.6,6.0,0.10
2021-10-24,10.5,-0.3,4.7,0.00
2021-10-25,11.4,0.3,5.2,0.00
2021-10-26,12.1,4.0,8.6,0.00
2021-10-27,12.6,7.8,9.8,0.00
2021-10-28,12.1,3.9,7.5,0.00
2021-10-29,13.4,2.1,7.0,0.00
2021-10-30,11.4,3.9,7.8,0.00
2021-10-31,15.3,8.9,11.7,0.00
2021-11-01,12.1,7.5,10.4,3.10
2021-11-02,8.7,3.2,6.3,2.90
2021-11-03,7.1,5.3,6.1,2.80
2021-11-04,5.9,5.1,5.5,14.00
2021-11-05,8.0,5.2,6.1,3.80
2021-11-06,8.2,4.5,6.0,0.00
2021-11-07,8.4,5.9,6.6,2.90
2021-11-08,7.9,4.9,6.5,0.00
2021-11-09,9.3,2.0,5.4,0.10
2021-11-10,7.0,-1.4,3.1,0.00
2021-11-11,5.0,-0.9,2.2,0.00
2021-11-12,5.7,0.4,2.9,0.00
2021-11-13,5.7,0.1,3.3,0.00
2021-11-14,8.0,4.2,5.9,0.00
2021-11-15,4.9,2.9,3.6,0.00
2021-11-16,3.4,2.3,2.9,0.00
2021-11-17,5.3,2.8,4.1,0.20
2021-11-18,7.3,4.4,5.9,0.00
2021-11-19,8.6,7.2,7.9,0.50
2021-11-20,8.3,6.4,7.7,0.10
2021-11-21,6.2,3.3,5.4,1.00
2021-11-22,4.0,-1.9,2.5,0.00
2021-11-23,3.2,-2.4,1.0,0.00
2021-11-24,5.1,1.6,3.6,0.00
2021-11-25,3.5,-2.0,1.1,0.00
2021-11-26,2.5,1.1,1.7,0.70
2021-11-27,2.8,-1.4,1.0,1.80
2021-11-28,1.6,-3.1,-0.5,0.00
2021-11-29,1.3,-1.5,0.2,0.40
2021-11-30,5.4,0.1,2.5,10.80
2021-12-01,6.2,3.6,4.8,7.40
2021-12-02,3.3,-1.5,1.1,0.90
2021-12-03,1.1,-3.1,-0.9,0.10
2021-12-04,2.4,-0.7,0.7,4.10
2021-12-05,2.8,-1.9,1.3,0.60
2021-12-06,0.7,-2.0,-0.6,0.00
2021-12-07,2.5,-1.6,0.2,0.60
2021-12-08,2.1,-1.2,0.1,1.90
2021-12-09,3.1,-1.0,0.8,0.20
2021-12-10,2.6,-2.3,0.4,0.00
2021-12-11,2.4,-4.2,-1.5,0.00
2021-12-12,3.0,-0.8,1.2,3.60
2021-12-13,6.3,3.0,5.2,0.00
2021-12-14,5.5,3.5,4.5,0.00
2021-12-15,7.1,5.0,6.0,0.90
2021-12-16,6.8,5.4,6.1,0.00
2021-12-17,5.9,3.6,4.6,0.00
2021-12-18,5.0,3.7,4.4,0.00
2021-12-19,4.2,3.0,3.7,0.10
2021-12-20,3.5,-3.4,-0.2,0.00
2021-12-21,-1.6,-3.6,-2.4,0.00
2021-12-22,-1.7,-4.9,-3.6,0.00
2021-12-23,2.0,-4.4,-1.8,2.20
2021-12-24,6.1,-0.4,4.4,10.60
2021-12-25,-0.9,-7.8,-4.7,2.70
2021-12-26,-3.0,-8.1,-5.6,0.00
2021-12-27,2.7,-2.7,0.1,1.10
2021-12-28,5.2,0.9,3.4,4.20
2021-12-29,6.3,3.3,5.0,3.80
2021-12-30,11.8,5.5,9.6,4.40
2021-12-31,11.3,9.9,10.5,2.30
2022-01-01,10.6,6.4,9.4,0.50
2022-01-02,9.1,6.1,7.7,3.00
2022-01-03,8.8,5.9,7.3,7.50
2022-01-04,6.5,4.1,5.5,10.20
2022-01-05,3.5,0.0,1.4,5.30
2022-01-06,2.1,-3.5,-0.1,0.90
2022-01-07,1.7,-3.9,-0.4,1.20
2022-01-08,1.8,-2.2,-0.2,0.30
2022-01-09,2.1,0.0,1.2,7.50
2022-01-10,3.5,0.9,1.9,0.00
2022-01-11,1.6,-0.6,0.8,0.50
2022-01-12,1.4,-3.1,-0.3,0.40
2022-01-13,3.6,-0.2,1.1,0.00
2022-01-14,2.2,-0.1,1.0,0.10
2022-01-15,2.3,-0.2,1.4,0.20
2022-01-16,2.4,-2.0,0.3,1.30
2022-01-17,4.6,2.1,3.0,3.50
2022-01-18,4.4,1.0,2.6,0.10
2022-01-19,2.7,-2.4,0.5,0.70
2022-01-20,2.2,-1.8,0.3,6.40
2022-01-21,1.7,-3.6,-1.0,3.60
2022-01-22,4.2,2.3,3.4,4.90
2022-01-23,3.6,2.0,2.9,1.00
2022-01-24,4.3,2.0,3.0,0.10
2022-01-25,2.0,-1.2,0.6,0.20
2022-01-26,0.3,-1.1,-0.3,0.50
2022-01-27,4.1,-1.0,1.1,4.90
2022-01-28,3.4,1.1,1.9,1.40
2022-01-29,6.8,1.0,3.8,4.00
2022-01-30,5.3,1.1,3.4,0.30
2022-01-31,2.7,-0.3,1.1,6.40
2022-02-01,4.8,-0.4,1.4,7.50
2022-02-02,4.7,0.3,3.2,2.60
2022-02-03,6.0,-0.2,3.4,2.20
2022-02-04,5.7,2.4,4.3,3.50
2022-02-05,4.4,1.1,2.3,1.00
2022-02-06,4.3,2.2,3.1,15.10
2022-02-07,4.3,0.3,1.8,2.30
2022-02-08,6.1,0.3,3.5,0.90
2022-02-09,7.6,5.2,6.2,0.50
2022-02-10,5.4,1.2,4.0,3.30
2022-02-11,3.2,-0.6,1.5,6.10
2022-02-12,3.3,-3.4,-0.2,0.00
2022-02-13,6.9,-4.2,1.0,0.00
2022-02-14,9.7,2.0,5.2,0.00
2022-02-15,7.4,3.2,4.7,0.70
2022-02-16,9.4,3.4,5.7,11.50
2022-02-17,10.8,3.7,6.8,15.00
2022-02-18,9.9,3.0,5.9,3.70
2022-02-19,5.8,2.6,4.0,1.10
2022-02-20,6.9,1.5,4.2,13.80
2022-02-21,7.6,0.9,3.8,11.60
2022-02-22,5.6,1.2,3.5,4.20
2022-02-23,7.9,1.9,4.5,0.60
2022-02-24,8.9,0.5,4.7,2.70
2022-02-25,4.0,-0.7,1.6,2.20
2022-02-26,5.7,0.3,2.3,0.00
2022-02-27,5.2,-1.6,1.0,0.00
2022-02-28,4.8,-4.1,-0.1,0.00
2022-03-01,4.6,-5.1,-0.6,0.00
2022-03-02,6.7,-1.6,1.6,0.00
2022-03-03,6.1,-3.1,0.7,0.00
2022-03-04,1.9,-2.7,-0.8,0.00
2022-03-05,3.4,-2.3,0.0,0.00
2022-03-06,2.4,-3.0,-0.8,0.00
2022-03-07,4.4,-3.4,0.0,0.00
2022-03-08,6.0,-3.3,1.0,0.00
2022-03-09,8.9,-2.3,2.5,0.00
2022-03-10,9.4,-2.8,2.8,0.00
2022-03-11,7.1,-2.7,1.7,0.00
2022-03-12,8.1,-1.9,2.2,0.00
2022-03-13,9.6,-3.1,2.8,0.00
2022-03-14,7.0,-1.4,3.2,5.00
2022-03-15,9.6,0.1,4.8,1.40
2022-03-16,10.7,-1.3,4.9,0.00
2022-03-17,8.3,2.7,5.4,4.10
2022-03-18,9.8,-3.2,3.7,0.00
2022-03-19,7.7,0.3,3.8,1.20
2022-03-20,10.2,0.2,4.7,0.00
2022-03-21,12.0,-1.4,5.3,0.00
2022-03-22,14.0,0.3,6.6,0.00
2022-03-23,14.7,4.0,8.3,0.00
2022-03-24,14.4,0.6,7.0,0.00
2022-03-25,12.8,1.2,6.9,0.00
2022-03-26,14.2,0.7,7.9,0.00
2022-03-27,12.7,6.3,9.2,0.00
2022-03-28,15.5,5.4,10.0,0.00
2022-03-29,9.4,2.2,5.7,0.00
2022-03-30,7.6,-0.3,4.0,1.30
2022-03-31,4.5,0.6,2.1,2.00
2022-04-01,1.1,-2.2,-0.4,7.60
2022-04-02,2.2,-1.8,-0.0,1.70
2022-04-03,3.0,-4.0,-0.4,0.50
2022-04-04,3.5,-2.6,0.8,6.10
2022-04-05,8.3,2.6,5.4,12.90
2022-04-06,9.8,6.6,8.1,3.30
2022-04-07,10.3,5.2,7.9,10.00
2022-04-08,7.2,2.7,4.9,3.20
2022-04-09,6.8,1.6,3.5,4.50
2022-04-10,7.2,-0.1,3.2,1.40
2022-04-11,11.1,-1.2,5.0,0.00
2022-04-12,15.0,1.0,8.2,0.00
2022-04-13,18.7,5.3,12.3,0.10
2022-04-14,15.1,8.3,11.4,3.20
2022-04-15,9.9,6.0,7.7,0.50
2022-04-16,9.4,2.4,5.9,0.00
2022-04-17,11.2,-0.7,5.5,0.00
2022-04-18,13.3,0.9,7.5,0.00
2022-04-19,12.0,0.7,7.3,0.00
2022-04-20,10.8,1.3,6.9,0.00
2022-04-21,10.0,4.2,6.6,2.10
2022-04-22,12.3,6.9,9.3,0.90
2022-04-23,13.9,6.3,10.0,0.00
2022-04-24,14.2,6.1,9.9,0.90
2022-04-25,11.7,5.7,8.4,4.70
2022-04-26,13.2,3.7,9.0,0.40
2022-04-27,13.7,1.9,8.8,0.60
2022-04-28,14.8,4.5,10.0,0.00
2022-04-29,16.4,3.1,10.6,0.00
2022-04-30,13.5,6.1,9.7,0.50
2022-05-01,13.0,6.9,9.6,0.10
2022-05-02,16.7,5.4,11.2,0.50
2022-05-03,16.3,5.1,11.1,0.20
2022-05-04,16.9,6.2,11.3,5.00
2022-05-05,15.4,5.0,11.2,0.00
2022-05-06,17.0,5.8,12.3,0.00
2022-05-07,18.8,9.3,14.0,2.20
2022-05-08,16.7,8.6,12.4,1.60
2022-05-09,19.6,5.1,13.1,0.00
2022-05-10,22.1,9.8,16.6,0.10
2022-05-11,23.8,12.8,19.0,0.80
2022-05-12,17.9,12.6,15.7,0.00
2022-05-13,15.6,7.9,12.7,0.00
2022-05-14,19.5,8.3,13.9,0.00
2022-05-15,20.9,7.2,15.0,0.00
2022-05-16,21.7,11.1,16.5,3.90
2022-05-17,20.8,13.4,17.1,2.80
2022-05-18,23.3,13.4,18.3,0.50
2022-05-19,26.1,12.9,19.8,1.10
2022-05-20,22.4,14.2,18.3,5.70
2022-05-21,16.0,11.5,13.8,0.90
2022-05-22,18.0,9.0,14.1,0.00
2022-05-23,20.3,10.3,15.4,3.10
2022-05-24,16.8,11.5,14.4,3.00
2022-05-25,17.8,8.3,13.6,0.10
2022-05-26,17.5,13.0,15.0,0.40
2022-05-27,15.8,10.6,13.8,2.80
2022-05-28,13.7,8.1,10.8,1.40
2022-05-29,13.2,5.1,8.9,3.40
2022-05-30,12.3,4.8,9.0,0.10
2022-05-31,17.4,5.1,11.8,0.50
2022-06-01,16.2,6.4,11.5,3.00
2022-06-02,17.6,5.3,12.0,0.00
2022-06-03,22.2,7.7,15.3,0.70
2022-06-04,21.6,12.1,17.2,2.10
2022-06-05,21.6,12.0,16.8,5.10
2022-06-06,20.3,13.1,16.7,0.30
2022-06-07,20.0,9.9,15.8,3.90
2022-06-08,20.3,12.7,16.4,5.00
2022-06-09,18.6,12.9,15.5,1.80
2022-06-10,20.3,10.6,16.5,0.00
2022-06-11,21.6,13.1,18.2,0.70
2022-06-12,22.5,14.4,18.9,0.10
2022-06-13,17.0,10.2,14.2,4.90
2022-06-14,19.4,9.0,14.4,0.00
2022-06-15,25.0,9.1,17.9,0.00
2022-06-16,21.9,11.9,17.6,0.00
2022-06-17,23.5,10.4,18.1,0.00
2022-06-18,30.8,14.1,23.4,0.00
2022-06-19,29.4,17.4,23.6,0.10
2022-06-20,18.9,12.8,14.9,13.70
2022-06-21,20.6,8.9,14.9,0.00
2022-06-22,24.5,11.1,18.4,0.00
2022-06-23,27.9,12.5,21.2,0.00
2022-06-24,23.5,18.0,20.9,6.80
2022-06-25,24.7,15.6,20.4,0.40
2022-06-26,26.4,16.0,21.5,2.70
2022-06-27,23.8,16.5,20.4,0.20
2022-06-28,22.8,14.1,18.6,0.00
2022-06-29,23.5,15.8,20.0,0.50
2022-06-30,26.0,15.4,21.4,0.10
2022-07-01,21.5,14.1,16.5,13.70
2022-07-02,23.7,12.2,18.3,0.00
2022-07-03,26.0,13.0,20.4,0.00
2022-07-04,22.8,14.5,18.7,0.20
2022-07-05,21.5,13.9,18.0,0.10
2022-07-06,17.7,12.8,15.4,0.30
2022-07-07,15.8,11.7,13.8,7.90
2022-07-08,19.0,11.5,15.1,0.10
2022-07-09,19.7,14.2,16.5,1.00
2022-07-10,17.3,11.3,14.1,1.10
2022-07-11,17.5,13.1,15.2,1.30
2022-07-12,24.3,12.0,18.3,0.00
2022-07-13,27.1,14.9,20.6,2.00
2022-07-14,21.4,15.7,18.4,0.20
2022-07-15,17.9,11.1,15.2,0.00
2022-07-16,20.2,11.8,16.0,0.80
2022-07-17,22.9,10.2,16.6,0.00
2022-07-18,28.6,13.7,21.6,0.00
2022-07-19,33.8,21.2,27.4,0.00
2022-07-20,35.5,19.4,28.3,0.00
2022-07-21,27.7,18.1,22.0,3.30
2022-07-22,22.5,16.6,18.7,0.50
2022-07-23,23.5,14.4,18.8,1.30
2022-07-24,28.0,13.2,21.5,0.00
2022-07-25,31.8,16.5,23.7,3.20
2022-07-26,22.1,16.9,18.9,0.70
2022-07-27,20.3,13.9,16.9,0.00
2022-07-28,24.3,10.3,17.5,0.00
2022-07-29,26.4,16.0,20.7,0.90
2022-07-30,22.0,15.2,18.1,5.40
2022-07-31,25.4,14.7,19.3,6.00
2022-08-01,21.6,17.0,19.2,8.50
2022-08-02,25.3,14.2,19.8,0.00
2022-08-03,29.8,16.7,23.7,0.00
2022-08-04,32.3,19.4,26.3,0.10
2022-08-05,24.0,16.8,20.3,1.80
2022-08-06,20.1,11.0,16.1,0.00
2022-08-07,23.3,10.5,17.6,0.00
2022-08-08,25.6,12.7,19.5,0.00
2022-08-09,24.9,14.9,20.2,0.00
2022-08-10,26.1,13.4,20.6,0.00
2022-08-11,28.3,14.1,22.0,0.00
2022-08-12,27.0,14.4,21.5,0.00
2022-08-13,27.2,14.3,21.3,0.00
2022-08-14,28.9,17.0,23.1,0.10
2022-08-15,28.2,18.3,22.9,2.40
2022-08-16,26.8,15.8,22.1,0.00
2022-08-17,30.0,17.8,24.0,0.00
2022-08-18,23.9,17.2,20.8,2.80
2022-08-19,24.1,17.2,20.1,0.10
2022-08-20,22.5,15.7,19.1,6.80
2022-08-21,23.8,16.3,19.6,0.60
2022-08-22,24.5,14.3,19.8,0.00
2022-08-23,25.7,13.3,20.0,0.00
2022-08-24,27.3,14.6,21.3,0.00
2022-08-25,26.5,16.2,21.9,0.00
2022-08-26,27.0,17.5,21.9,10.00
2022-08-27,20.7,16.5,18.4,4.30
2022-08-28,21.1,12.6,16.7,1.60
2022-08-29,19.5,9.5,15.1,0.10
2022-08-30,20.7,13.5,17.5,1.20
2022-08-31,19.8,14.1,16.8,0.40
2022-09-01,19.9,11.2,15.8,0.00
2022-09-02,20.9,11.6,16.5,0.00
2022-09-03,21.7,12.2,17.1,0.10
2022-09-04,24.0,13.9,19.0,0.00
2022-09-05,25.5,15.0,20.4,0.20
2022-09-06,24.6,15.2,19.7,0.70
2022-09-07,25.4,16.3,19.9,1.90
2022-09-08,17.6,14.3,16.2,19.60
2022-09-09,20.2,11.7,16.0,1.40
2022-09-10,17.4,12.8,14.8,9.70
2022-09-11,18.3,11.6,14.5,0.40
2022-09-12,19.7,12.0,15.5,0.00
2022-09-13,21.5,11.1,16.4,0.70
2022-09-14,16.2,13.7,14.7,11.10
2022-09-15,15.4,11.6,13.5,0.20
2022-09-16,14.2,9.4,11.6,0.90
2022-09-17,13.1,8.1,10.0,8.80
2022-09-18,10.8,6.6,8.7,8.20
2022-09-19,14.1,6.2,9.6,5.60
2022-09-20,12.5,6.8,9.2,2.10
2022-09-21,14.0,4.2,9.2,0.00
2022-09-22,15.2,6.8,10.9,0.00
2022-09-23,16.0,5.7,11.1,0.00
2022-09-24,17.6,8.3,12.6,0.20
2022-09-25,14.6,8.4,11.5,0.90
2022-09-26,13.8,5.9,10.0,1.30
2022-09-27,10.9,7.1,9.2,9.70
2022-09-28,9.9,5.8,7.4,9.80
2022-09-29,12.2,4.5,8.3,0.50
2022-09-30,14.4,5.9,9.6,0.00
2022-10-01,12.8,6.9,9.8,8.40
2022-10-02,13.8,8.9,11.1,1.70
2022-10-03,13.8,9.1,11.1,0.50
2022-10-04,15.5,6.8,10.8,0.00
2022-10-05,16.9,7.7,12.3,0.00
2022-10-06,15.5,8.5,13.3,0.20
2022-10-07,15.7,4.4,10.1,0.00
2022-10-08,13.6,7.4,9.9,0.20
2022-10-09,13.8,4.8,8.8,0.00
2022-10-10,16.7,4.6,10.3,0.30
2022-10-11,11.8,4.5,9.0,0.00
2022-10-12,14.3,3.2,8.1,0.00
2022-10-13,14.6,6.2,10.2,0.10
2022-10-14,14.3,8.7,11.7,1.70
2022-10-15,16.3,10.5,13.5,0.50
2022-10-16,17.6,12.8,14.6,0.60
2022-10-17,21.0,12.8,16.1,0.50
2022-10-18,16.3,10.0,14.0,13.40
2022-10-19,11.4,6.0,8.5,0.00
2022-10-20,13.0,4.1,8.5,1.00
2022-10-21,14.4,9.6,11.9,9.70
2022-10-22,16.9,10.8,13.4,2.10
2022-10-23,17.3,8.1,12.5,7.80
2022-10-24,17.5,12.3,14.5,2.80
2022-10-25,14.9,9.3,12.2,1.20
